,year,width,height,aspect_ratio,mean_r,mean_g,mean_b,brightness,contrast,blurriness
count,109161.0,109444.0,109444.0,109444.0,109444.0,109444.0,109444.0,109444.0,109444.0,109444.0
mean,2011.9743314920163,851.9312890610723,587.7505482255765,1.4537128028640018,123.26962017078732,120.15065926265525,118.09423521438289,120.84879623268368,67.38459652487572,1222.8310213695725
std,2.6344152317767366,60.591356595787204,51.33416042362313,0.08537694164454661,29.753719156254473,29.32430236445261,31.058745307845953,28.981193104124365,11.266136633772362,957.0860424567439
min,1926.0,400.0,267.0,0.5747126436781609,6.017502204585538,6.035048500881834,5.7825639329806,6.08637038580247,18.697263086713527,22.323145381937287
25%,2011.0,800.0,567.0,1.4109347442680775,104.21749659478044,101.76119064457282,97.95083057760141,102.49197711474866,59.75871318477054,667.1088889250934
50%,2012.0,800.0,567.0,1.4492753623188406,123.31904704409484,120.02384086726478,117.76407635826156,120.63932776720243,66.95997793938065,987.6392808510641
75%,2014.0,908.0,626.0,1.450479233226837,142.55532821957513,138.75144872525334,138.0230015235535,139.20569240872828,74.65222815084928,1473.7560342938723
max,2016.0,1170.0,1392.0,2.4464831804281344,239.20377300887984,236.99299798736118,237.4959712037832,237.07759163136336,116.85925134786515,24873.284076524236
